-- MySQL dump 10.13  Distrib 8.0.45, for Win64 (x86_64)
--
-- Host: localhost    Database: db_metalforte
-- ------------------------------------------------------
-- Server version	8.0.45

/*!40101 SET @OLD_CHARACTER_SET_CLIENT=@@CHARACTER_SET_CLIENT */;
/*!40101 SET @OLD_CHARACTER_SET_RESULTS=@@CHARACTER_SET_RESULTS */;
/*!40101 SET @OLD_COLLATION_CONNECTION=@@COLLATION_CONNECTION */;
/*!50503 SET NAMES utf8 */;
/*!40103 SET @OLD_TIME_ZONE=@@TIME_ZONE */;
/*!40103 SET TIME_ZONE='+00:00' */;
/*!40014 SET @OLD_UNIQUE_CHECKS=@@UNIQUE_CHECKS, UNIQUE_CHECKS=0 */;
/*!40014 SET @OLD_FOREIGN_KEY_CHECKS=@@FOREIGN_KEY_CHECKS, FOREIGN_KEY_CHECKS=0 */;
/*!40101 SET @OLD_SQL_MODE=@@SQL_MODE, SQL_MODE='NO_AUTO_VALUE_ON_ZERO' */;
/*!40111 SET @OLD_SQL_NOTES=@@SQL_NOTES, SQL_NOTES=0 */;

--
-- Table structure for table `causa_falha`
--

DROP TABLE IF EXISTS `causa_falha`;
/*!40101 SET @saved_cs_client     = @@character_set_client */;
/*!50503 SET character_set_client = utf8mb4 */;
CREATE TABLE `causa_falha` (
  `id_causa_falha` int NOT NULL AUTO_INCREMENT,
  `causa_falha` varchar(100) NOT NULL,
  PRIMARY KEY (`id_causa_falha`)
) ENGINE=InnoDB AUTO_INCREMENT=6 DEFAULT CHARSET=utf8mb4 COLLATE=utf8mb4_0900_ai_ci;
/*!40101 SET character_set_client = @saved_cs_client */;

--
-- Dumping data for table `causa_falha`
--

LOCK TABLES `causa_falha` WRITE;
/*!40000 ALTER TABLE `causa_falha` DISABLE KEYS */;
INSERT INTO `causa_falha` VALUES (1,'Falha Elétrica'),(2,'Lubrificação'),(3,'Falha Mecânica'),(4,'Erro Operador'),(5,'Desgaste');
/*!40000 ALTER TABLE `causa_falha` ENABLE KEYS */;
UNLOCK TABLES;

--
-- Table structure for table `especialidade_tecnico`
--

DROP TABLE IF EXISTS `especialidade_tecnico`;
/*!40101 SET @saved_cs_client     = @@character_set_client */;
/*!50503 SET character_set_client = utf8mb4 */;
CREATE TABLE `especialidade_tecnico` (
  `id_especialidade` int NOT NULL AUTO_INCREMENT,
  `nome_especialidade` varchar(100) NOT NULL,
  PRIMARY KEY (`id_especialidade`)
) ENGINE=InnoDB AUTO_INCREMENT=4 DEFAULT CHARSET=utf8mb4 COLLATE=utf8mb4_0900_ai_ci;
/*!40101 SET character_set_client = @saved_cs_client */;

--
-- Dumping data for table `especialidade_tecnico`
--

LOCK TABLES `especialidade_tecnico` WRITE;
/*!40000 ALTER TABLE `especialidade_tecnico` DISABLE KEYS */;
INSERT INTO `especialidade_tecnico` VALUES (1,'Eletricista'),(2,'Mecânico'),(3,'Automação');
/*!40000 ALTER TABLE `especialidade_tecnico` ENABLE KEYS */;
UNLOCK TABLES;

--
-- Table structure for table `fabricante_maquina`
--

DROP TABLE IF EXISTS `fabricante_maquina`;
/*!40101 SET @saved_cs_client     = @@character_set_client */;
/*!50503 SET character_set_client = utf8mb4 */;
CREATE TABLE `fabricante_maquina` (
  `id_fabricante` int NOT NULL AUTO_INCREMENT,
  `nome_fabricante` varchar(100) NOT NULL,
  PRIMARY KEY (`id_fabricante`)
) ENGINE=InnoDB AUTO_INCREMENT=10 DEFAULT CHARSET=utf8mb4 COLLATE=utf8mb4_0900_ai_ci;
/*!40101 SET character_set_client = @saved_cs_client */;

--
-- Dumping data for table `fabricante_maquina`
--

LOCK TABLES `fabricante_maquina` WRITE;
/*!40000 ALTER TABLE `fabricante_maquina` DISABLE KEYS */;
INSERT INTO `fabricante_maquina` VALUES (1,'Romi'),(2,'Haas'),(3,'Hidraupress'),(4,'Newton'),(5,'Trumpf'),(6,'Haitian'),(7,'Kuka'),(8,'SEW-Eurodrive'),(9,'Atlas Copco');
/*!40000 ALTER TABLE `fabricante_maquina` ENABLE KEYS */;
UNLOCK TABLES;

--
-- Table structure for table `fabricante_peca`
--

DROP TABLE IF EXISTS `fabricante_peca`;
/*!40101 SET @saved_cs_client     = @@character_set_client */;
/*!50503 SET character_set_client = utf8mb4 */;
CREATE TABLE `fabricante_peca` (
  `id_fabricante` int NOT NULL AUTO_INCREMENT,
  `nome_fabricante` varchar(100) NOT NULL,
  PRIMARY KEY (`id_fabricante`)
) ENGINE=InnoDB AUTO_INCREMENT=6 DEFAULT CHARSET=utf8mb4 COLLATE=utf8mb4_0900_ai_ci;
/*!40101 SET character_set_client = @saved_cs_client */;

--
-- Dumping data for table `fabricante_peca`
--

LOCK TABLES `fabricante_peca` WRITE;
/*!40000 ALTER TABLE `fabricante_peca` DISABLE KEYS */;
INSERT INTO `fabricante_peca` VALUES (1,'Bosch'),(2,'Siemens'),(3,'WEG'),(4,'Schneider'),(5,'Fanuc');
/*!40000 ALTER TABLE `fabricante_peca` ENABLE KEYS */;
UNLOCK TABLES;

--
-- Table structure for table `manutencao`
--

DROP TABLE IF EXISTS `manutencao`;
/*!40101 SET @saved_cs_client     = @@character_set_client */;
/*!50503 SET character_set_client = utf8mb4 */;
CREATE TABLE `manutencao` (
  `id_manutencao` int NOT NULL AUTO_INCREMENT,
  `fk_maquina` int NOT NULL,
  `fk_tipo_manutencao` int NOT NULL,
  `data_manutencao` date NOT NULL,
  `custo_manutencao` decimal(10,2) NOT NULL,
  `fk_causa_falha` int NOT NULL,
  `horas_paradas` decimal(6,2) NOT NULL,
  PRIMARY KEY (`id_manutencao`),
  KEY `fk_maquina_manutencao` (`fk_maquina`),
  KEY `fk_tipo_manutencao` (`fk_tipo_manutencao`),
  KEY `fk_causa_falha` (`fk_causa_falha`),
  CONSTRAINT `fk_causa_falha` FOREIGN KEY (`fk_causa_falha`) REFERENCES `causa_falha` (`id_causa_falha`) ON DELETE CASCADE ON UPDATE CASCADE,
  CONSTRAINT `fk_maquina_manutencao` FOREIGN KEY (`fk_maquina`) REFERENCES `maquina` (`id_maquina`) ON DELETE RESTRICT ON UPDATE CASCADE,
  CONSTRAINT `fk_tipo_manutencao` FOREIGN KEY (`fk_tipo_manutencao`) REFERENCES `tipo_manutencao` (`id_tipo_manutencao`) ON DELETE CASCADE ON UPDATE CASCADE,
  CONSTRAINT `chk_custo_manutencao` CHECK ((`custo_manutencao` >= 0)),
  CONSTRAINT `chk_horas_paradas` CHECK ((`horas_paradas` >= 0))
) ENGINE=InnoDB AUTO_INCREMENT=301 DEFAULT CHARSET=utf8mb4 COLLATE=utf8mb4_0900_ai_ci;
/*!40101 SET character_set_client = @saved_cs_client */;

--
-- Dumping data for table `manutencao`
--

LOCK TABLES `manutencao` WRITE;
/*!40000 ALTER TABLE `manutencao` DISABLE KEYS */;
INSERT INTO `manutencao` VALUES (1,7,1,'2025-04-26',701.11,1,17.70),(2,7,2,'2025-02-17',11805.37,1,17.20),(3,1,2,'2025-03-02',9588.87,2,8.00),(4,2,2,'2025-04-29',6849.24,3,3.40),(5,8,2,'2025-06-02',12967.13,3,7.60),(6,2,3,'2025-01-02',3489.14,2,6.00),(7,7,1,'2025-02-24',6187.44,2,14.00),(8,2,3,'2025-05-29',2551.49,4,12.00),(9,8,3,'2025-06-04',4107.68,5,2.10),(10,2,3,'2025-06-24',8571.51,1,2.50),(11,2,2,'2025-05-25',12110.19,4,4.10),(12,7,1,'2025-08-02',8715.27,3,16.50),(13,2,1,'2025-11-03',1423.19,5,8.00),(14,2,3,'2025-04-02',1974.51,3,3.50),(15,8,1,'2025-04-01',1809.70,3,16.90),(16,1,3,'2025-07-02',8621.91,3,6.80),(17,8,1,'2025-01-03',4634.90,3,19.40),(18,8,1,'2025-05-09',4807.29,1,10.40),(19,8,3,'2025-12-01',1252.64,1,16.10),(20,2,1,'2025-06-04',7618.99,1,1.00),(21,1,1,'2025-06-05',8166.03,1,4.30),(22,1,2,'2025-01-02',14558.85,2,18.40),(23,1,1,'2025-05-03',12373.78,5,2.50),(24,7,3,'2025-05-12',7059.37,3,1.90),(25,8,3,'2025-06-18',4251.51,3,13.10),(26,2,3,'2025-06-03',10425.50,5,16.80),(27,2,1,'2025-03-15',13434.61,3,8.70),(28,2,3,'2025-06-24',5395.57,3,5.90),(29,2,3,'2025-02-18',4436.93,3,23.10),(30,8,2,'2025-06-13',6884.45,3,13.90),(31,4,1,'2025-05-06',2938.37,5,13.80),(32,20,2,'2025-06-16',3515.95,4,23.40),(33,18,1,'2025-03-15',3257.71,2,13.70),(34,15,1,'2025-10-06',10930.88,1,4.50),(35,4,1,'2025-10-04',1862.86,4,2.40),(36,9,3,'2025-04-13',7666.07,1,18.90),(37,8,2,'2025-10-04',9821.61,4,14.50),(38,7,1,'2025-06-26',4009.59,2,21.80),(39,7,1,'2025-06-29',3608.40,5,7.10),(40,9,3,'2025-04-23',5611.45,4,14.70),(41,3,1,'2025-05-22',14413.02,2,20.50),(42,3,1,'2025-07-04',10335.53,3,12.60),(43,6,1,'2025-04-26',5241.20,4,4.00),(44,6,2,'2025-05-28',6596.87,5,1.40),(45,10,3,'2025-08-06',2340.63,4,8.30),(46,2,1,'2025-01-06',3512.06,4,15.60),(47,10,3,'2025-05-03',1477.34,5,5.90),(48,20,2,'2025-01-05',4400.13,4,3.10),(49,14,2,'2025-04-04',5552.44,1,12.00),(50,16,1,'2025-04-19',9990.53,2,11.70),(51,9,3,'2025-05-03',4460.38,4,7.10),(52,19,1,'2025-03-26',9998.80,1,7.10),(53,6,3,'2025-06-05',7357.88,1,7.10),(54,10,1,'2025-03-01',4833.40,4,10.70),(55,13,2,'2025-03-02',4641.30,3,4.20),(56,10,2,'2025-04-29',12128.20,3,8.80),(57,7,2,'2025-04-06',7686.74,2,14.30),(58,15,1,'2025-04-27',5627.44,5,4.10),(59,12,3,'2025-02-25',6892.21,2,12.90),(60,8,3,'2025-04-05',10438.56,5,8.70),(61,20,2,'2025-08-05',2161.33,2,16.40),(62,20,3,'2025-04-18',5538.52,2,13.50),(63,17,1,'2025-06-25',13878.93,5,1.30),(64,17,2,'2025-01-05',9197.75,1,2.10),(65,19,2,'2025-11-02',12667.05,5,7.80),(66,14,2,'2025-03-04',5960.37,5,9.20),(67,3,1,'2025-02-24',13552.96,4,8.90),(68,8,2,'2025-01-06',14649.26,1,21.00),(69,9,3,'2025-04-09',8322.14,2,7.70),(70,4,1,'2025-06-14',363.73,2,7.00),(71,14,2,'2025-05-15',3379.95,1,2.80),(72,3,1,'2025-03-04',3344.42,3,13.80),(73,6,3,'2025-06-19',3216.20,4,8.10),(74,17,3,'2025-01-11',6573.37,4,4.10),(75,3,1,'2025-11-05',14966.45,4,2.40),(76,20,2,'2025-02-21',10690.74,2,2.30),(77,19,1,'2025-05-02',10098.78,2,13.50),(78,4,1,'2025-02-25',14046.77,5,22.90),(79,5,2,'2025-03-16',7741.66,3,5.00),(80,10,1,'2025-03-18',2710.67,3,18.90),(81,14,1,'2025-03-17',7113.66,1,8.50),(82,12,3,'2025-06-24',4042.06,4,8.60),(83,19,1,'2025-03-03',524.08,4,12.90),(84,8,2,'2025-04-21',2272.14,3,8.00),(85,9,3,'2025-12-06',8225.53,5,17.20),(86,14,3,'2025-05-06',12182.36,2,9.30),(87,16,2,'2025-03-16',234.81,1,12.30),(88,9,3,'2025-04-24',14914.99,4,19.20),(89,10,1,'2025-06-23',8169.81,1,22.00),(90,6,2,'2025-03-30',14613.71,2,13.40),(91,20,2,'2025-02-01',13822.90,4,22.30),(92,8,2,'2025-01-21',10070.90,2,6.90),(93,18,2,'2025-02-01',6858.46,1,16.60),(94,13,3,'2025-04-26',7405.50,1,12.90),(95,16,3,'2025-03-01',7496.55,1,0.60),(96,14,3,'2025-01-22',4133.76,3,4.80),(97,2,3,'2025-05-05',13831.35,1,5.10),(98,3,2,'2025-06-02',12367.88,3,7.90),(99,5,2,'2025-04-07',14594.16,1,1.60),(100,2,3,'2025-12-03',10173.31,5,6.40),(101,4,3,'2025-03-05',3246.49,4,16.50),(102,6,3,'2025-02-16',10103.94,5,6.50),(103,16,2,'2025-04-28',9070.60,1,22.20),(104,15,1,'2025-02-23',7406.03,3,15.60),(105,17,2,'2025-02-14',8561.79,3,17.40),(106,16,1,'2025-10-01',8547.55,1,21.40),(107,18,2,'2025-04-25',10733.50,2,12.80),(108,7,2,'2025-03-13',11220.27,3,19.20),(109,14,1,'2025-05-31',4176.01,3,13.40),(110,6,3,'2025-02-19',10826.72,1,15.50),(111,2,1,'2025-03-05',6318.65,5,1.70),(112,19,3,'2025-01-08',2757.36,2,19.90),(113,4,2,'2025-01-15',1225.55,1,22.90),(114,5,3,'2025-09-06',5879.02,1,4.40),(115,8,1,'2025-02-22',7704.55,4,1.30),(116,12,1,'2025-05-13',13406.80,4,14.00),(117,11,2,'2025-06-01',3150.07,5,2.90),(118,2,2,'2025-06-13',9985.99,3,13.20),(119,20,1,'2025-05-06',9925.52,5,0.70),(120,12,3,'2025-10-03',3191.53,4,18.60),(121,17,2,'2025-04-05',10270.80,4,10.00),(122,15,3,'2025-05-20',7096.43,5,13.60),(123,10,3,'2025-03-15',7656.92,2,13.50),(124,15,2,'2025-02-15',14874.28,2,3.10),(125,20,1,'2025-05-13',4389.06,4,15.60),(126,9,1,'2025-01-02',9011.87,1,2.40),(127,13,1,'2025-08-03',4102.60,3,10.00),(128,14,1,'2025-04-22',11818.13,5,11.90),(129,6,3,'2025-03-15',8508.79,2,6.20),(130,4,1,'2025-03-31',11340.58,5,19.20),(131,14,3,'2025-03-25',11152.62,1,16.20),(132,10,2,'2025-04-24',14087.06,4,13.10),(133,10,1,'2025-03-01',11168.06,5,3.30),(134,19,1,'2025-03-13',14894.27,5,7.10),(135,9,1,'2025-01-18',1105.66,4,2.20),(136,7,1,'2025-09-01',7942.24,3,9.70),(137,12,2,'2025-04-20',11857.93,2,11.60),(138,3,1,'2025-05-22',11962.77,3,1.40),(139,3,1,'2025-04-10',14880.38,5,20.80),(140,4,2,'2025-02-22',2157.41,4,5.80),(141,19,2,'2025-03-09',1658.91,1,9.30),(142,8,2,'2025-01-19',12392.43,4,20.10),(143,4,1,'2025-06-12',2541.89,5,20.50),(144,6,2,'2025-01-29',13891.43,3,3.70),(145,3,1,'2025-04-20',173.38,3,16.60),(146,12,1,'2025-06-17',8044.73,2,20.80),(147,19,3,'2025-03-19',7239.08,5,7.10),(148,5,2,'2025-06-29',13172.02,1,10.60),(149,1,3,'2025-06-28',14980.45,4,0.80),(150,14,2,'2025-02-13',2353.20,1,10.90),(151,7,3,'2025-01-04',1452.29,5,13.90),(152,7,2,'2025-04-22',6458.13,5,4.10),(153,9,3,'2025-06-03',9034.55,4,19.30),(154,12,1,'2025-03-04',11993.44,5,3.50),(155,12,2,'2025-01-21',11955.99,3,2.20),(156,1,2,'2025-03-25',13669.29,5,15.80),(157,11,3,'2025-03-05',14676.74,2,11.00),(158,14,1,'2025-09-03',5064.22,2,10.90),(159,8,3,'2025-04-05',1238.04,3,17.20),(160,18,2,'2025-03-29',13459.02,1,2.10),(161,6,1,'2025-07-02',5012.82,4,11.50),(162,7,3,'2025-02-14',4197.29,1,14.10),(163,17,1,'2025-02-28',3639.91,4,4.20),(164,14,1,'2025-05-15',2276.15,1,8.10),(165,17,3,'2025-05-13',5273.63,2,15.90),(166,11,3,'2025-02-22',4930.64,5,10.00),(167,9,3,'2025-06-22',3400.34,5,21.00),(168,17,1,'2025-05-03',10823.56,5,13.50),(169,7,3,'2025-01-02',2525.99,4,8.30),(170,13,1,'2025-04-14',2052.89,3,23.10),(171,15,3,'2025-07-03',3537.36,4,7.90),(172,5,1,'2025-02-13',9534.50,3,1.00),(173,4,3,'2025-04-14',824.42,4,13.50),(174,13,2,'2025-04-26',1985.67,4,1.50),(175,13,2,'2025-03-04',3787.58,4,2.80),(176,6,3,'2025-09-02',7599.04,1,21.50),(177,19,2,'2025-04-23',7260.95,5,16.10),(178,1,2,'2025-01-02',8761.59,3,11.20),(179,17,2,'2025-01-12',5789.62,4,12.40),(180,15,1,'2025-05-15',12927.30,1,16.80),(181,20,1,'2025-04-15',4787.71,5,9.50),(182,9,3,'2025-02-19',8916.78,2,14.80),(183,9,3,'2025-05-29',143.52,5,18.40),(184,1,2,'2025-01-31',7110.91,3,18.60),(185,6,3,'2025-05-14',4353.11,1,2.90),(186,2,1,'2025-01-21',452.43,3,15.10),(187,20,3,'2025-06-30',6911.10,2,7.80),(188,15,2,'2025-10-06',1538.00,2,19.20),(189,20,1,'2025-06-03',9886.12,4,17.80),(190,11,1,'2025-06-06',7311.92,1,12.50),(191,19,3,'2025-05-29',8451.71,4,16.60),(192,19,1,'2025-06-27',12903.36,2,21.10),(193,10,2,'2025-01-01',6740.82,3,20.40),(194,9,2,'2025-01-01',696.70,3,23.20),(195,8,3,'2025-05-19',10110.26,2,3.90),(196,9,1,'2025-06-18',8908.73,5,22.80),(197,18,2,'2025-01-23',13290.80,5,19.50),(198,13,3,'2025-06-29',12193.66,4,2.70),(199,11,2,'2025-09-01',7768.05,3,7.00),(200,18,1,'2025-02-13',6278.98,4,17.10),(201,18,3,'2025-02-20',13984.27,4,7.40),(202,11,1,'2025-03-06',10504.89,1,7.40),(203,4,2,'2025-06-19',3898.09,3,0.70),(204,12,3,'2025-03-23',5921.89,4,15.30),(205,3,1,'2025-03-08',12882.07,2,20.50),(206,20,3,'2025-11-03',5498.34,5,18.30),(207,8,1,'2025-04-21',343.27,5,22.60),(208,1,2,'2025-01-30',3322.56,1,20.80),(209,14,3,'2025-07-06',7877.69,4,14.60),(210,6,3,'2025-01-06',2749.49,5,6.40),(211,5,1,'2025-07-01',4516.08,2,22.50),(212,5,1,'2025-01-18',10151.96,3,6.00),(213,4,3,'2025-03-31',11125.47,3,0.90),(214,9,3,'2025-05-06',1474.42,3,5.30),(215,4,1,'2025-01-18',13010.65,4,19.30),(216,19,3,'2025-04-16',14838.59,5,3.50),(217,9,1,'2025-09-02',4294.69,1,22.70),(218,12,2,'2025-02-06',13849.11,1,13.20),(219,1,2,'2025-09-02',900.49,4,9.50),(220,4,1,'2025-01-02',12866.55,3,3.60),(221,20,3,'2025-12-04',5975.34,2,15.40),(222,11,1,'2025-04-13',8773.70,4,14.10),(223,4,3,'2025-02-21',13779.49,3,7.30),(224,10,3,'2025-05-17',14505.87,3,21.30),(225,12,2,'2025-03-18',13763.21,5,1.00),(226,20,3,'2025-03-17',5752.07,2,22.60),(227,18,1,'2025-05-04',12080.38,1,18.40),(228,5,3,'2025-04-03',3321.45,3,22.60),(229,4,2,'2025-05-15',493.84,5,10.60),(230,10,3,'2025-04-03',672.70,5,14.60),(231,19,2,'2025-04-24',7099.98,3,6.10),(232,10,1,'2025-06-24',5759.30,1,1.40),(233,8,3,'2025-03-13',12567.85,4,12.80),(234,1,3,'2025-01-20',175.53,4,15.50),(235,17,3,'2025-04-06',10724.28,5,3.20),(236,6,1,'2025-05-24',10924.59,1,23.40),(237,20,1,'2025-01-28',2970.56,2,8.80),(238,13,1,'2025-04-04',13933.78,1,13.80),(239,8,2,'2025-05-08',1253.75,4,9.10),(240,16,1,'2025-01-15',1872.32,4,13.50),(241,9,3,'2025-02-13',4578.19,1,20.70),(242,6,2,'2025-08-03',6339.25,3,7.50),(243,18,1,'2025-04-06',4171.39,2,9.20),(244,16,2,'2025-06-04',6435.77,1,1.50),(245,14,2,'2025-06-02',1995.86,3,17.00),(246,5,2,'2025-06-24',3120.74,3,13.00),(247,4,1,'2025-08-06',10836.58,3,0.90),(248,13,1,'2025-03-05',9769.08,5,5.60),(249,18,2,'2025-01-21',7510.35,3,3.20),(250,1,1,'2025-03-20',8403.04,4,23.00),(251,16,1,'2025-04-23',5671.84,4,12.60),(252,8,2,'2025-02-10',7509.40,3,5.70),(253,9,2,'2025-09-02',7314.39,2,9.00),(254,5,2,'2025-11-03',11265.77,3,7.60),(255,19,3,'2025-02-19',14104.57,2,2.40),(256,1,2,'2025-04-03',1496.09,4,13.70),(257,14,3,'2025-02-27',12116.98,5,5.80),(258,6,2,'2025-05-22',5476.79,1,4.30),(259,1,2,'2025-02-28',14107.66,5,2.80),(260,13,3,'2025-01-25',10812.95,1,15.10),(261,3,2,'2025-04-13',13050.24,1,11.90),(262,18,3,'2025-09-04',14345.46,3,0.90),(263,2,1,'2025-04-12',11511.34,2,13.40),(264,14,1,'2025-06-20',7464.31,5,22.10),(265,10,2,'2025-11-02',1826.82,2,8.40),(266,4,1,'2025-01-03',7097.26,5,22.10),(267,17,1,'2025-04-06',1980.48,3,5.20),(268,11,3,'2025-01-22',3011.83,3,15.30),(269,10,3,'2025-03-13',14899.80,3,15.90),(270,18,1,'2025-02-20',9413.92,1,9.90),(271,7,3,'2025-05-26',6791.62,2,1.00),(272,20,2,'2025-05-01',4828.81,4,12.70),(273,10,1,'2025-05-22',13184.94,1,7.00),(274,1,3,'2025-06-13',4696.16,4,23.90),(275,10,2,'2025-05-21',8199.26,2,17.80),(276,10,1,'2025-01-02',12559.31,3,13.00),(277,2,1,'2025-06-01',8447.67,5,4.90),(278,16,1,'2025-04-17',14314.72,2,8.70),(279,1,3,'2025-06-03',10046.36,1,21.80),(280,17,1,'2025-06-02',2375.62,3,23.50),(281,17,1,'2025-06-01',13683.27,4,9.50),(282,8,2,'2025-04-28',506.70,3,16.70),(283,19,3,'2025-06-22',6725.45,5,6.60),(284,19,3,'2025-10-05',10485.58,4,20.00),(285,2,3,'2025-04-17',4056.30,4,22.50),(286,17,2,'2025-01-27',1390.88,4,20.10),(287,13,2,'2025-01-17',4290.23,1,2.40),(288,15,3,'2025-03-05',8728.47,1,9.90),(289,12,1,'2025-03-20',3355.40,1,23.10),(290,14,1,'2025-02-21',14883.79,2,23.00),(291,1,3,'2025-04-24',6372.06,3,9.30),(292,15,1,'2025-06-23',13028.55,4,22.70),(293,16,1,'2025-01-27',1654.46,2,9.30),(294,10,3,'2025-04-18',2086.68,4,10.10),(295,5,2,'2025-04-04',6358.86,5,4.60),(296,3,1,'2025-01-03',5389.72,1,4.50),(297,2,1,'2025-01-13',7589.60,2,16.20),(298,1,3,'2025-01-16',5692.44,5,1.20),(299,11,3,'2025-02-10',1756.09,2,8.50),(300,20,1,'2025-05-21',4779.24,1,12.20);
/*!40000 ALTER TABLE `manutencao` ENABLE KEYS */;
UNLOCK TABLES;

--
-- Table structure for table `maquina`
--

DROP TABLE IF EXISTS `maquina`;
/*!40101 SET @saved_cs_client     = @@character_set_client */;
/*!50503 SET character_set_client = utf8mb4 */;
CREATE TABLE `maquina` (
  `id_maquina` int NOT NULL AUTO_INCREMENT,
  `modelo` varchar(100) NOT NULL,
  `fk_setor` int NOT NULL,
  `fk_fabricante` int NOT NULL,
  PRIMARY KEY (`id_maquina`),
  KEY `fk_setor_maquina` (`fk_setor`),
  KEY `fk_fabricante_maquina` (`fk_fabricante`),
  CONSTRAINT `fk_fabricante_maquina` FOREIGN KEY (`fk_fabricante`) REFERENCES `fabricante_maquina` (`id_fabricante`) ON DELETE RESTRICT ON UPDATE CASCADE,
  CONSTRAINT `fk_setor_maquina` FOREIGN KEY (`fk_setor`) REFERENCES `setor` (`id_setor`) ON DELETE RESTRICT ON UPDATE CASCADE
) ENGINE=InnoDB AUTO_INCREMENT=21 DEFAULT CHARSET=utf8mb4 COLLATE=utf8mb4_0900_ai_ci;
/*!40101 SET character_set_client = @saved_cs_client */;

--
-- Dumping data for table `maquina`
--

LOCK TABLES `maquina` WRITE;
/*!40000 ALTER TABLE `maquina` DISABLE KEYS */;
INSERT INTO `maquina` VALUES (1,'Torno CNC',1,1),(2,'Torno CNC',2,1),(3,'Fresadora CNC',1,1),(4,'Fresadora CNC',2,1),(5,'Centro de Usinagem',1,2),(6,'Centro de Usinagem',2,2),(7,'Prensa Hidráulica',1,3),(8,'Prensa Hidráulica',2,3),(9,'Dobradeira',1,4),(10,'Dobradeira',2,4),(11,'Corte Laser',1,5),(12,'Corte Laser',2,5),(13,'Injetora',1,6),(14,'Injetora',2,6),(15,'Soldadora Robotizada',1,7),(16,'Soldadora Robotizada',2,7),(17,'Esteira Transportadora',1,8),(18,'Esteira Transportadora',2,8),(19,'Compressor Industrial',1,9),(20,'Compressor Industrial',2,9);
/*!40000 ALTER TABLE `maquina` ENABLE KEYS */;
UNLOCK TABLES;

--
-- Table structure for table `ordem_peca`
--

DROP TABLE IF EXISTS `ordem_peca`;
/*!40101 SET @saved_cs_client     = @@character_set_client */;
/*!50503 SET character_set_client = utf8mb4 */;
CREATE TABLE `ordem_peca` (
  `id_ordem_peca` int NOT NULL AUTO_INCREMENT,
  `fk_ordem` int NOT NULL,
  `fk_peca` int NOT NULL,
  `quantidade` int NOT NULL,
  PRIMARY KEY (`id_ordem_peca`),
  UNIQUE KEY `uq_ordem_peca` (`fk_ordem`,`fk_peca`),
  KEY `fk_peca_ordem` (`fk_peca`),
  CONSTRAINT `fk_ordem_peca` FOREIGN KEY (`fk_ordem`) REFERENCES `ordem_servico` (`id_ordem`) ON DELETE CASCADE ON UPDATE CASCADE,
  CONSTRAINT `fk_peca_ordem` FOREIGN KEY (`fk_peca`) REFERENCES `peca` (`id_peca`) ON DELETE RESTRICT ON UPDATE CASCADE,
  CONSTRAINT `chk_quantidade_peca` CHECK ((`quantidade` > 0))
) ENGINE=InnoDB AUTO_INCREMENT=301 DEFAULT CHARSET=utf8mb4 COLLATE=utf8mb4_0900_ai_ci;
/*!40101 SET character_set_client = @saved_cs_client */;

--
-- Dumping data for table `ordem_peca`
--

LOCK TABLES `ordem_peca` WRITE;
/*!40000 ALTER TABLE `ordem_peca` DISABLE KEYS */;
INSERT INTO `ordem_peca` VALUES (1,1001,1,3),(2,1002,2,7),(3,1003,8,8),(4,1004,14,9),(5,1005,12,4),(6,1006,16,1),(7,1007,4,1),(8,1008,21,3),(9,1009,4,3),(10,1010,8,2),(11,1011,7,1),(12,1012,26,7),(13,1013,5,10),(14,1014,6,3),(15,1015,19,10),(16,1016,17,9),(17,1017,32,10),(18,1018,25,10),(19,1019,36,9),(20,1020,5,9),(21,1021,22,1),(22,1022,28,3),(23,1023,15,7),(24,1024,32,4),(25,1025,29,8),(26,1026,9,3),(27,1027,3,10),(28,1028,5,5),(29,1029,26,3),(30,1030,1,7),(31,1031,36,3),(32,1032,16,1),(33,1033,31,4),(34,1034,12,2),(35,1035,12,5),(36,1036,15,8),(37,1037,38,6),(38,1038,32,8),(39,1039,38,6),(40,1040,29,10),(41,1041,23,10),(42,1042,30,7),(43,1043,16,5),(44,1044,40,1),(45,1045,40,4),(46,1046,34,1),(47,1047,40,10),(48,1048,30,9),(49,1049,11,6),(50,1050,20,1),(51,1051,26,7),(52,1052,10,9),(53,1053,19,4),(54,1054,5,3),(55,1055,17,9),(56,1056,18,9),(57,1057,37,4),(58,1058,18,8),(59,1059,7,10),(60,1060,10,5),(61,1061,36,8),(62,1062,28,1),(63,1063,22,9),(64,1064,30,8),(65,1065,16,10),(66,1066,21,7),(67,1067,10,5),(68,1068,12,2),(69,1069,27,2),(70,1070,2,7),(71,1071,33,10),(72,1072,27,9),(73,1073,19,2),(74,1074,12,4),(75,1075,12,7),(76,1076,32,7),(77,1077,37,10),(78,1078,35,10),(79,1079,9,2),(80,1080,35,10),(81,1081,22,9),(82,1082,9,5),(83,1083,35,10),(84,1084,10,10),(85,1085,31,8),(86,1086,22,4),(87,1087,27,4),(88,1088,35,5),(89,1089,32,10),(90,1090,30,2),(91,1091,19,5),(92,1092,39,1),(93,1093,13,1),(94,1094,24,8),(95,1095,33,3),(96,1096,18,8),(97,1097,11,9),(98,1098,5,3),(99,1099,13,2),(100,1100,33,6),(101,1101,2,5),(102,1102,39,2),(103,1103,31,6),(104,1104,11,7),(105,1105,22,9),(106,1106,15,2),(107,1107,20,7),(108,1108,24,2),(109,1109,20,10),(110,1110,2,9),(111,1111,15,4),(112,1112,36,7),(113,1113,17,9),(114,1114,24,9),(115,1115,25,7),(116,1116,19,7),(117,1117,16,9),(118,1118,36,2),(119,1119,13,6),(120,1120,17,7),(121,1121,40,2),(122,1122,30,6),(123,1123,21,3),(124,1124,16,8),(125,1125,15,10),(126,1126,35,7),(127,1127,12,8),(128,1128,6,8),(129,1129,30,9),(130,1130,38,2),(131,1131,1,9),(132,1132,40,7),(133,1133,39,3),(134,1134,20,9),(135,1135,34,1),(136,1136,38,4),(137,1137,22,1),(138,1138,17,4),(139,1139,9,6),(140,1140,11,10),(141,1141,2,8),(142,1142,9,8),(143,1143,10,8),(144,1144,37,7),(145,1145,7,6),(146,1146,16,4),(147,1147,33,3),(148,1148,15,3),(149,1149,35,4),(150,1150,32,1),(151,1151,35,8),(152,1152,3,8),(153,1153,29,4),(154,1154,3,10),(155,1155,30,9),(156,1156,23,5),(157,1157,4,7),(158,1158,27,5),(159,1159,13,3),(160,1160,5,6),(161,1161,19,3),(162,1162,10,8),(163,1163,16,1),(164,1164,38,4),(165,1165,24,1),(166,1166,16,7),(167,1167,19,9),(168,1168,35,7),(169,1169,38,2),(170,1170,13,10),(171,1171,3,5),(172,1172,4,5),(173,1173,11,3),(174,1174,32,2),(175,1175,29,3),(176,1176,25,7),(177,1177,9,7),(178,1178,8,10),(179,1179,37,8),(180,1180,29,2),(181,1181,24,9),(182,1182,8,7),(183,1183,33,2),(184,1184,1,8),(185,1185,38,9),(186,1186,37,10),(187,1187,39,9),(188,1188,29,3),(189,1189,13,3),(190,1190,40,5),(191,1191,4,7),(192,1192,2,10),(193,1193,28,4),(194,1194,15,5),(195,1195,14,6),(196,1196,22,3),(197,1197,15,7),(198,1198,3,2),(199,1199,11,9),(200,1200,5,5),(201,1201,4,9),(202,1202,11,3),(203,1203,38,5),(204,1204,12,1),(205,1205,13,1),(206,1206,35,6),(207,1207,35,1),(208,1208,18,3),(209,1209,29,10),(210,1210,38,2),(211,1211,37,3),(212,1212,24,9),(213,1213,29,1),(214,1214,27,9),(215,1215,35,8),(216,1216,11,6),(217,1217,28,1),(218,1218,15,4),(219,1219,15,5),(220,1220,9,4),(221,1221,28,5),(222,1222,37,1),(223,1223,28,3),(224,1224,7,9),(225,1225,34,3),(226,1226,12,9),(227,1227,20,6),(228,1228,15,8),(229,1229,23,1),(230,1230,32,10),(231,1231,8,5),(232,1232,5,5),(233,1233,4,10),(234,1234,37,8),(235,1235,29,6),(236,1236,24,3),(237,1237,19,1),(238,1238,12,10),(239,1239,27,7),(240,1240,7,1),(241,1241,2,10),(242,1242,35,6),(243,1243,10,6),(244,1244,24,2),(245,1245,25,7),(246,1246,3,4),(247,1247,35,1),(248,1248,26,7),(249,1249,32,10),(250,1250,38,1),(251,1251,18,5),(252,1252,17,4),(253,1253,30,9),(254,1254,34,7),(255,1255,35,2),(256,1256,21,2),(257,1257,23,2),(258,1258,23,1),(259,1259,5,10),(260,1260,3,1),(261,1261,40,3),(262,1262,27,10),(263,1263,16,10),(264,1264,23,6),(265,1265,36,6),(266,1266,28,2),(267,1267,34,9),(268,1268,1,10),(269,1269,14,7),(270,1270,12,6),(271,1271,33,9),(272,1272,27,10),(273,1273,19,10),(274,1274,21,8),(275,1275,38,10),(276,1276,10,2),(277,1277,7,10),(278,1278,15,7),(279,1279,14,3),(280,1280,21,7),(281,1281,16,8),(282,1282,35,1),(283,1283,9,1),(284,1284,8,9),(285,1285,33,7),(286,1286,35,3),(287,1287,18,4),(288,1288,29,8),(289,1289,33,6),(290,1290,18,8),(291,1291,36,3),(292,1292,27,1),(293,1293,17,9),(294,1294,2,1),(295,1295,9,4),(296,1296,23,6),(297,1297,6,10),(298,1298,29,8),(299,1299,1,6),(300,1300,35,5);
/*!40000 ALTER TABLE `ordem_peca` ENABLE KEYS */;
UNLOCK TABLES;

--
-- Table structure for table `ordem_servico`
--

DROP TABLE IF EXISTS `ordem_servico`;
/*!40101 SET @saved_cs_client     = @@character_set_client */;
/*!50503 SET character_set_client = utf8mb4 */;
CREATE TABLE `ordem_servico` (
  `id_ordem` int NOT NULL AUTO_INCREMENT,
  `fk_manutencao` int NOT NULL,
  `data_abertura` date NOT NULL,
  `fk_status` int NOT NULL,
  `observacao` varchar(255) DEFAULT NULL,
  PRIMARY KEY (`id_ordem`),
  UNIQUE KEY `uq_ordem_manutencao` (`fk_manutencao`),
  KEY `fk_status_ordem` (`fk_status`),
  CONSTRAINT `fk_manutencao_ordem` FOREIGN KEY (`fk_manutencao`) REFERENCES `manutencao` (`id_manutencao`) ON DELETE RESTRICT ON UPDATE CASCADE,
  CONSTRAINT `fk_status_ordem` FOREIGN KEY (`fk_status`) REFERENCES `status_ordem` (`id_status`) ON DELETE CASCADE ON UPDATE CASCADE
) ENGINE=InnoDB AUTO_INCREMENT=1301 DEFAULT CHARSET=utf8mb4 COLLATE=utf8mb4_0900_ai_ci;
/*!40101 SET character_set_client = @saved_cs_client */;

--
-- Dumping data for table `ordem_servico`
--

LOCK TABLES `ordem_servico` WRITE;
/*!40000 ALTER TABLE `ordem_servico` DISABLE KEYS */;
INSERT INTO `ordem_servico` VALUES (1001,1,'2025-04-26',1,NULL),(1002,2,'2025-02-17',2,NULL),(1003,3,'2025-03-02',3,NULL),(1004,4,'2025-04-29',3,NULL),(1005,5,'2025-06-02',2,NULL),(1006,6,'2025-01-02',1,NULL),(1007,7,'2025-02-24',3,NULL),(1008,8,'2025-05-29',2,NULL),(1009,9,'2025-06-04',1,NULL),(1010,10,'2025-06-24',3,NULL),(1011,11,'2025-05-25',3,NULL),(1012,12,'2025-08-02',2,NULL),(1013,13,'2025-11-03',3,NULL),(1014,14,'2025-04-02',2,NULL),(1015,15,'2025-04-01',2,NULL),(1016,16,'2025-07-02',1,NULL),(1017,17,'2025-01-03',1,NULL),(1018,18,'2025-05-09',2,NULL),(1019,19,'2025-12-01',3,NULL),(1020,20,'2025-06-04',1,NULL),(1021,21,'2025-06-05',2,NULL),(1022,22,'2025-01-02',3,NULL),(1023,23,'2025-05-03',3,NULL),(1024,24,'2025-05-12',1,NULL),(1025,25,'2025-06-18',2,NULL),(1026,26,'2025-06-03',1,NULL),(1027,27,'2025-03-15',1,NULL),(1028,28,'2025-06-24',2,NULL),(1029,29,'2025-02-18',3,NULL),(1030,30,'2025-06-13',2,NULL),(1031,31,'2025-05-06',2,NULL),(1032,32,'2025-06-16',3,NULL),(1033,33,'2025-03-15',2,NULL),(1034,34,'2025-10-06',2,NULL),(1035,35,'2025-10-04',1,NULL),(1036,36,'2025-04-13',1,NULL),(1037,37,'2025-10-04',1,NULL),(1038,38,'2025-06-26',1,NULL),(1039,39,'2025-06-29',2,NULL),(1040,40,'2025-04-23',2,NULL),(1041,41,'2025-05-22',3,NULL),(1042,42,'2025-07-04',3,NULL),(1043,43,'2025-04-26',2,NULL),(1044,44,'2025-05-28',2,NULL),(1045,45,'2025-08-06',3,NULL),(1046,46,'2025-01-06',3,NULL),(1047,47,'2025-05-03',1,NULL),(1048,48,'2025-01-05',3,NULL),(1049,49,'2025-04-04',2,NULL),(1050,50,'2025-04-19',2,NULL),(1051,51,'2025-05-03',1,NULL),(1052,52,'2025-03-26',3,NULL),(1053,53,'2025-06-05',1,NULL),(1054,54,'2025-03-01',3,NULL),(1055,55,'2025-03-02',3,NULL),(1056,56,'2025-04-29',3,NULL),(1057,57,'2025-04-06',1,NULL),(1058,58,'2025-04-27',1,NULL),(1059,59,'2025-02-25',3,NULL),(1060,60,'2025-04-05',1,NULL),(1061,61,'2025-08-05',2,NULL),(1062,62,'2025-04-18',2,NULL),(1063,63,'2025-06-25',3,NULL),(1064,64,'2025-01-05',3,NULL),(1065,65,'2025-11-02',1,NULL),(1066,66,'2025-03-04',1,NULL),(1067,67,'2025-02-24',1,NULL),(1068,68,'2025-01-06',1,NULL),(1069,69,'2025-04-09',1,NULL),(1070,70,'2025-06-14',2,NULL),(1071,71,'2025-05-15',1,NULL),(1072,72,'2025-03-04',3,NULL),(1073,73,'2025-06-19',2,NULL),(1074,74,'2025-01-11',1,NULL),(1075,75,'2025-11-05',1,NULL),(1076,76,'2025-02-21',1,NULL),(1077,77,'2025-05-02',2,NULL),(1078,78,'2025-02-25',1,NULL),(1079,79,'2025-03-16',3,NULL),(1080,80,'2025-03-18',1,NULL),(1081,81,'2025-03-17',2,NULL),(1082,82,'2025-06-24',1,NULL),(1083,83,'2025-03-03',1,NULL),(1084,84,'2025-04-21',2,NULL),(1085,85,'2025-12-06',3,NULL),(1086,86,'2025-05-06',2,NULL),(1087,87,'2025-03-16',2,NULL),(1088,88,'2025-04-24',3,NULL),(1089,89,'2025-06-23',2,NULL),(1090,90,'2025-03-30',2,NULL),(1091,91,'2025-02-01',3,NULL),(1092,92,'2025-01-21',1,NULL),(1093,93,'2025-02-01',1,NULL),(1094,94,'2025-04-26',1,NULL),(1095,95,'2025-03-01',1,NULL),(1096,96,'2025-01-22',2,NULL),(1097,97,'2025-05-05',1,NULL),(1098,98,'2025-06-02',2,NULL),(1099,99,'2025-04-07',1,NULL),(1100,100,'2025-12-03',1,NULL),(1101,101,'2025-03-05',1,NULL),(1102,102,'2025-02-16',2,NULL),(1103,103,'2025-04-28',1,NULL),(1104,104,'2025-02-23',3,NULL),(1105,105,'2025-02-14',3,NULL),(1106,106,'2025-10-01',1,NULL),(1107,107,'2025-04-25',3,NULL),(1108,108,'2025-03-13',2,NULL),(1109,109,'2025-05-31',3,NULL),(1110,110,'2025-02-19',2,NULL),(1111,111,'2025-03-05',3,NULL),(1112,112,'2025-01-08',2,NULL),(1113,113,'2025-01-15',1,NULL),(1114,114,'2025-09-06',3,NULL),(1115,115,'2025-02-22',3,NULL),(1116,116,'2025-05-13',3,NULL),(1117,117,'2025-06-01',1,NULL),(1118,118,'2025-06-13',2,NULL),(1119,119,'2025-05-06',2,NULL),(1120,120,'2025-10-03',3,NULL),(1121,121,'2025-04-05',2,NULL),(1122,122,'2025-05-20',3,NULL),(1123,123,'2025-03-15',1,NULL),(1124,124,'2025-02-15',3,NULL),(1125,125,'2025-05-13',1,NULL),(1126,126,'2025-01-02',2,NULL),(1127,127,'2025-08-03',3,NULL),(1128,128,'2025-04-22',3,NULL),(1129,129,'2025-03-15',3,NULL),(1130,130,'2025-03-31',1,NULL),(1131,131,'2025-03-25',3,NULL),(1132,132,'2025-04-24',1,NULL),(1133,133,'2025-03-01',2,NULL),(1134,134,'2025-03-13',2,NULL),(1135,135,'2025-01-18',3,NULL),(1136,136,'2025-09-01',3,NULL),(1137,137,'2025-04-20',2,NULL),(1138,138,'2025-05-22',2,NULL),(1139,139,'2025-04-10',1,NULL),(1140,140,'2025-02-22',1,NULL),(1141,141,'2025-03-09',1,NULL),(1142,142,'2025-01-19',1,NULL),(1143,143,'2025-06-12',3,NULL),(1144,144,'2025-01-29',2,NULL),(1145,145,'2025-04-20',3,NULL),(1146,146,'2025-06-17',3,NULL),(1147,147,'2025-03-19',1,NULL),(1148,148,'2025-06-29',1,NULL),(1149,149,'2025-06-28',3,NULL),(1150,150,'2025-02-13',1,NULL),(1151,151,'2025-01-04',1,NULL),(1152,152,'2025-04-22',2,NULL),(1153,153,'2025-06-03',1,NULL),(1154,154,'2025-03-04',2,NULL),(1155,155,'2025-01-21',2,NULL),(1156,156,'2025-03-25',3,NULL),(1157,157,'2025-03-05',3,NULL),(1158,158,'2025-09-03',1,NULL),(1159,159,'2025-04-05',1,NULL),(1160,160,'2025-03-29',1,NULL),(1161,161,'2025-07-02',1,NULL),(1162,162,'2025-02-14',2,NULL),(1163,163,'2025-02-28',2,NULL),(1164,164,'2025-05-15',2,NULL),(1165,165,'2025-05-13',1,NULL),(1166,166,'2025-02-22',3,NULL),(1167,167,'2025-06-22',3,NULL),(1168,168,'2025-05-03',1,NULL),(1169,169,'2025-01-02',1,NULL),(1170,170,'2025-04-14',1,NULL),(1171,171,'2025-07-03',3,NULL),(1172,172,'2025-02-13',3,NULL),(1173,173,'2025-04-14',1,NULL),(1174,174,'2025-04-26',1,NULL),(1175,175,'2025-03-04',2,NULL),(1176,176,'2025-09-02',2,NULL),(1177,177,'2025-04-23',1,NULL),(1178,178,'2025-01-02',3,NULL),(1179,179,'2025-01-12',3,NULL),(1180,180,'2025-05-15',2,NULL),(1181,181,'2025-04-15',2,NULL),(1182,182,'2025-02-19',1,NULL),(1183,183,'2025-05-29',2,NULL),(1184,184,'2025-01-31',3,NULL),(1185,185,'2025-05-14',3,NULL),(1186,186,'2025-01-21',3,NULL),(1187,187,'2025-06-30',2,NULL),(1188,188,'2025-10-06',3,NULL),(1189,189,'2025-06-03',2,NULL),(1190,190,'2025-06-06',3,NULL),(1191,191,'2025-05-29',2,NULL),(1192,192,'2025-06-27',3,NULL),(1193,193,'2025-01-01',2,NULL),(1194,194,'2025-01-01',2,NULL),(1195,195,'2025-05-19',3,NULL),(1196,196,'2025-06-18',3,NULL),(1197,197,'2025-01-23',1,NULL),(1198,198,'2025-06-29',1,NULL),(1199,199,'2025-09-01',1,NULL),(1200,200,'2025-02-13',2,NULL),(1201,201,'2025-02-20',2,NULL),(1202,202,'2025-03-06',2,NULL),(1203,203,'2025-06-19',1,NULL),(1204,204,'2025-03-23',3,NULL),(1205,205,'2025-03-08',1,NULL),(1206,206,'2025-11-03',3,NULL),(1207,207,'2025-04-21',3,NULL),(1208,208,'2025-01-30',1,NULL),(1209,209,'2025-07-06',2,NULL),(1210,210,'2025-01-06',3,NULL),(1211,211,'2025-07-01',1,NULL),(1212,212,'2025-01-18',2,NULL),(1213,213,'2025-03-31',1,NULL),(1214,214,'2025-05-06',2,NULL),(1215,215,'2025-01-18',3,NULL),(1216,216,'2025-04-16',2,NULL),(1217,217,'2025-09-02',1,NULL),(1218,218,'2025-02-06',3,NULL),(1219,219,'2025-09-02',3,NULL),(1220,220,'2025-01-02',3,NULL),(1221,221,'2025-12-04',3,NULL),(1222,222,'2025-04-13',3,NULL),(1223,223,'2025-02-21',2,NULL),(1224,224,'2025-05-17',2,NULL),(1225,225,'2025-03-18',1,NULL),(1226,226,'2025-03-17',1,NULL),(1227,227,'2025-05-04',3,NULL),(1228,228,'2025-04-03',3,NULL),(1229,229,'2025-05-15',3,NULL),(1230,230,'2025-04-03',2,NULL),(1231,231,'2025-04-24',2,NULL),(1232,232,'2025-06-24',3,NULL),(1233,233,'2025-03-13',1,NULL),(1234,234,'2025-01-20',3,NULL),(1235,235,'2025-04-06',2,NULL),(1236,236,'2025-05-24',3,NULL),(1237,237,'2025-01-28',2,NULL),(1238,238,'2025-04-04',2,NULL),(1239,239,'2025-05-08',3,NULL),(1240,240,'2025-01-15',3,NULL),(1241,241,'2025-02-13',3,NULL),(1242,242,'2025-08-03',3,NULL),(1243,243,'2025-04-06',3,NULL),(1244,244,'2025-06-04',3,NULL),(1245,245,'2025-06-02',1,NULL),(1246,246,'2025-06-24',2,NULL),(1247,247,'2025-08-06',2,NULL),(1248,248,'2025-03-05',1,NULL),(1249,249,'2025-01-21',1,NULL),(1250,250,'2025-03-20',3,NULL),(1251,251,'2025-04-23',2,NULL),(1252,252,'2025-02-10',2,NULL),(1253,253,'2025-09-02',1,NULL),(1254,254,'2025-11-03',3,NULL),(1255,255,'2025-02-19',3,NULL),(1256,256,'2025-04-03',3,NULL),(1257,257,'2025-02-27',2,NULL),(1258,258,'2025-05-22',2,NULL),(1259,259,'2025-02-28',3,NULL),(1260,260,'2025-01-25',3,NULL),(1261,261,'2025-04-13',3,NULL),(1262,262,'2025-09-04',3,NULL),(1263,263,'2025-04-12',2,NULL),(1264,264,'2025-06-20',3,NULL),(1265,265,'2025-11-02',3,NULL),(1266,266,'2025-01-03',3,NULL),(1267,267,'2025-04-06',2,NULL),(1268,268,'2025-01-22',3,NULL),(1269,269,'2025-03-13',3,NULL),(1270,270,'2025-02-20',3,NULL),(1271,271,'2025-05-26',3,NULL),(1272,272,'2025-05-01',1,NULL),(1273,273,'2025-05-22',2,NULL),(1274,274,'2025-06-13',1,NULL),(1275,275,'2025-05-21',3,NULL),(1276,276,'2025-01-02',2,NULL),(1277,277,'2025-06-01',3,NULL),(1278,278,'2025-04-17',3,NULL),(1279,279,'2025-06-03',2,NULL),(1280,280,'2025-06-02',1,NULL),(1281,281,'2025-06-01',2,NULL),(1282,282,'2025-04-28',1,NULL),(1283,283,'2025-06-22',2,NULL),(1284,284,'2025-10-05',2,NULL),(1285,285,'2025-04-17',2,NULL),(1286,286,'2025-01-27',1,NULL),(1287,287,'2025-01-17',2,NULL),(1288,288,'2025-03-05',1,NULL),(1289,289,'2025-03-20',2,NULL),(1290,290,'2025-02-21',2,NULL),(1291,291,'2025-04-24',1,NULL),(1292,292,'2025-06-23',3,NULL),(1293,293,'2025-01-27',3,NULL),(1294,294,'2025-04-18',2,NULL),(1295,295,'2025-04-04',2,NULL),(1296,296,'2025-01-03',2,NULL),(1297,297,'2025-01-13',3,NULL),(1298,298,'2025-01-16',2,NULL),(1299,299,'2025-02-10',1,NULL),(1300,300,'2025-05-21',1,NULL);
/*!40000 ALTER TABLE `ordem_servico` ENABLE KEYS */;
UNLOCK TABLES;

--
-- Table structure for table `ordem_tecnico`
--

DROP TABLE IF EXISTS `ordem_tecnico`;
/*!40101 SET @saved_cs_client     = @@character_set_client */;
/*!50503 SET character_set_client = utf8mb4 */;
CREATE TABLE `ordem_tecnico` (
  `id_ordem_tecnico` int NOT NULL AUTO_INCREMENT,
  `fk_ordem` int NOT NULL,
  `fk_tecnico` int NOT NULL,
  PRIMARY KEY (`id_ordem_tecnico`),
  UNIQUE KEY `uq_ordem_tecnico` (`fk_ordem`,`fk_tecnico`),
  KEY `fk_tecnico_ordem` (`fk_tecnico`),
  CONSTRAINT `fk_ordem_tecnico` FOREIGN KEY (`fk_ordem`) REFERENCES `ordem_servico` (`id_ordem`) ON DELETE CASCADE ON UPDATE CASCADE,
  CONSTRAINT `fk_tecnico_ordem` FOREIGN KEY (`fk_tecnico`) REFERENCES `tecnico` (`id_tecnico`) ON DELETE RESTRICT ON UPDATE CASCADE
) ENGINE=InnoDB AUTO_INCREMENT=301 DEFAULT CHARSET=utf8mb4 COLLATE=utf8mb4_0900_ai_ci;
/*!40101 SET character_set_client = @saved_cs_client */;

--
-- Dumping data for table `ordem_tecnico`
--

LOCK TABLES `ordem_tecnico` WRITE;
/*!40000 ALTER TABLE `ordem_tecnico` DISABLE KEYS */;
INSERT INTO `ordem_tecnico` VALUES (1,1001,3),(2,1002,3),(3,1003,6),(4,1004,7),(5,1005,2),(6,1006,12),(7,1007,5),(8,1008,1),(9,1009,9),(10,1010,8),(11,1011,2),(12,1012,2),(13,1013,7),(14,1014,10),(15,1015,2),(16,1016,7),(17,1017,7),(18,1018,3),(19,1019,11),(20,1020,8),(21,1021,8),(22,1022,9),(23,1023,5),(24,1024,2),(25,1025,7),(26,1026,6),(27,1027,1),(28,1028,7),(29,1029,1),(30,1030,10),(31,1031,9),(32,1032,1),(33,1033,9),(34,1034,8),(35,1035,10),(36,1036,8),(37,1037,2),(38,1038,6),(39,1039,2),(40,1040,9),(41,1041,6),(42,1042,1),(43,1043,5),(44,1044,7),(45,1045,2),(46,1046,8),(47,1047,9),(48,1048,12),(49,1049,8),(50,1050,12),(51,1051,2),(52,1052,11),(53,1053,8),(54,1054,3),(55,1055,1),(56,1056,2),(57,1057,5),(58,1058,7),(59,1059,9),(60,1060,12),(61,1061,6),(62,1062,9),(63,1063,1),(64,1064,8),(65,1065,12),(66,1066,10),(67,1067,1),(68,1068,3),(69,1069,5),(70,1070,9),(71,1071,4),(72,1072,7),(73,1073,12),(74,1074,1),(75,1075,4),(76,1076,5),(77,1077,6),(78,1078,6),(79,1079,2),(80,1080,10),(81,1081,11),(82,1082,3),(83,1083,2),(84,1084,1),(85,1085,1),(86,1086,12),(87,1087,3),(88,1088,12),(89,1089,11),(90,1090,5),(91,1091,11),(92,1092,12),(93,1093,8),(94,1094,3),(95,1095,8),(96,1096,1),(97,1097,11),(98,1098,7),(99,1099,11),(100,1100,2),(101,1101,5),(102,1102,5),(103,1103,3),(104,1104,10),(105,1105,2),(106,1106,4),(107,1107,5),(108,1108,7),(109,1109,2),(110,1110,8),(111,1111,12),(112,1112,12),(113,1113,4),(114,1114,4),(115,1115,7),(116,1116,7),(117,1117,5),(118,1118,10),(119,1119,2),(120,1120,6),(121,1121,11),(122,1122,7),(123,1123,9),(124,1124,5),(125,1125,11),(126,1126,4),(127,1127,7),(128,1128,6),(129,1129,6),(130,1130,9),(131,1131,8),(132,1132,1),(133,1133,1),(134,1134,6),(135,1135,6),(136,1136,2),(137,1137,9),(138,1138,2),(139,1139,6),(140,1140,10),(141,1141,8),(142,1142,2),(143,1143,12),(144,1144,1),(145,1145,10),(146,1146,12),(147,1147,6),(148,1148,4),(149,1149,9),(150,1150,4),(151,1151,5),(152,1152,12),(153,1153,4),(154,1154,12),(155,1155,2),(156,1156,6),(157,1157,5),(158,1158,5),(159,1159,7),(160,1160,3),(161,1161,11),(162,1162,4),(163,1163,12),(164,1164,8),(165,1165,12),(166,1166,7),(167,1167,2),(168,1168,12),(169,1169,12),(170,1170,2),(171,1171,2),(172,1172,10),(173,1173,5),(174,1174,1),(175,1175,1),(176,1176,8),(177,1177,1),(178,1178,7),(179,1179,9),(180,1180,8),(181,1181,12),(182,1182,12),(183,1183,1),(184,1184,2),(185,1185,3),(186,1186,1),(187,1187,5),(188,1188,12),(189,1189,6),(190,1190,3),(191,1191,3),(192,1192,5),(193,1193,10),(194,1194,10),(195,1195,9),(196,1196,2),(197,1197,12),(198,1198,9),(199,1199,1),(200,1200,12),(201,1201,11),(202,1202,8),(203,1203,10),(204,1204,6),(205,1205,5),(206,1206,5),(207,1207,6),(208,1208,8),(209,1209,8),(210,1210,9),(211,1211,9),(212,1212,1),(213,1213,2),(214,1214,10),(215,1215,3),(216,1216,5),(217,1217,4),(218,1218,4),(219,1219,5),(220,1220,1),(221,1221,6),(222,1222,11),(223,1223,2),(224,1224,7),(225,1225,6),(226,1226,6),(227,1227,4),(228,1228,10),(229,1229,10),(230,1230,12),(231,1231,1),(232,1232,3),(233,1233,4),(234,1234,2),(235,1235,5),(236,1236,11),(237,1237,5),(238,1238,4),(239,1239,8),(240,1240,7),(241,1241,11),(242,1242,2),(243,1243,9),(244,1244,11),(245,1245,1),(246,1246,1),(247,1247,2),(248,1248,10),(249,1249,1),(250,1250,9),(251,1251,3),(252,1252,10),(253,1253,12),(254,1254,10),(255,1255,9),(256,1256,9),(257,1257,7),(258,1258,3),(259,1259,7),(260,1260,3),(261,1261,8),(262,1262,7),(263,1263,12),(264,1264,10),(265,1265,12),(266,1266,6),(267,1267,2),(268,1268,1),(269,1269,7),(270,1270,3),(271,1271,9),(272,1272,6),(273,1273,8),(274,1274,9),(275,1275,6),(276,1276,10),(277,1277,6),(278,1278,12),(279,1279,3),(280,1280,10),(281,1281,11),(282,1282,1),(283,1283,10),(284,1284,8),(285,1285,12),(286,1286,10),(287,1287,8),(288,1288,11),(289,1289,4),(290,1290,6),(291,1291,10),(292,1292,3),(293,1293,6),(294,1294,3),(295,1295,7),(296,1296,11),(297,1297,6),(298,1298,1),(299,1299,12),(300,1300,4);
/*!40000 ALTER TABLE `ordem_tecnico` ENABLE KEYS */;
UNLOCK TABLES;

--
-- Table structure for table `peca`
--

DROP TABLE IF EXISTS `peca`;
/*!40101 SET @saved_cs_client     = @@character_set_client */;
/*!50503 SET character_set_client = utf8mb4 */;
CREATE TABLE `peca` (
  `id_peca` int NOT NULL AUTO_INCREMENT,
  `nome_peca` varchar(100) NOT NULL,
  `fk_fabricante` int NOT NULL,
  PRIMARY KEY (`id_peca`),
  KEY `fk_fabricante_peca` (`fk_fabricante`),
  CONSTRAINT `fk_fabricante_peca` FOREIGN KEY (`fk_fabricante`) REFERENCES `fabricante_peca` (`id_fabricante`) ON DELETE RESTRICT ON UPDATE CASCADE
) ENGINE=InnoDB AUTO_INCREMENT=41 DEFAULT CHARSET=utf8mb4 COLLATE=utf8mb4_0900_ai_ci;
/*!40101 SET character_set_client = @saved_cs_client */;

--
-- Dumping data for table `peca`
--

LOCK TABLES `peca` WRITE;
/*!40000 ALTER TABLE `peca` DISABLE KEYS */;
INSERT INTO `peca` VALUES (1,'Bomba',1),(2,'Bomba',2),(3,'Bomba',3),(4,'Bomba',4),(5,'Bomba',5),(6,'Filtro',1),(7,'Filtro',2),(8,'Filtro',3),(9,'Filtro',4),(10,'Filtro',5),(11,'Sensor',1),(12,'Sensor',2),(13,'Sensor',3),(14,'Sensor',4),(15,'Sensor',5),(16,'Rolamento',1),(17,'Rolamento',2),(18,'Rolamento',3),(19,'Rolamento',4),(20,'Rolamento',5),(21,'Correia',1),(22,'Correia',2),(23,'Correia',3),(24,'Correia',4),(25,'Correia',5),(26,'CLP',1),(27,'CLP',2),(28,'CLP',3),(29,'CLP',4),(30,'CLP',5),(31,'Motor',1),(32,'Motor',2),(33,'Motor',3),(34,'Motor',4),(35,'Motor',5),(36,'Válvula',1),(37,'Válvula',2),(38,'Válvula',3),(39,'Válvula',4),(40,'Válvula',5);
/*!40000 ALTER TABLE `peca` ENABLE KEYS */;
UNLOCK TABLES;

--
-- Table structure for table `setor`
--

DROP TABLE IF EXISTS `setor`;
/*!40101 SET @saved_cs_client     = @@character_set_client */;
/*!50503 SET character_set_client = utf8mb4 */;
CREATE TABLE `setor` (
  `id_setor` int NOT NULL AUTO_INCREMENT,
  `nome_setor` varchar(100) NOT NULL,
  PRIMARY KEY (`id_setor`)
) ENGINE=InnoDB AUTO_INCREMENT=3 DEFAULT CHARSET=utf8mb4 COLLATE=utf8mb4_0900_ai_ci;
/*!40101 SET character_set_client = @saved_cs_client */;

--
-- Dumping data for table `setor`
--

LOCK TABLES `setor` WRITE;
/*!40000 ALTER TABLE `setor` DISABLE KEYS */;
INSERT INTO `setor` VALUES (1,'Montagem'),(2,'Usinagem');
/*!40000 ALTER TABLE `setor` ENABLE KEYS */;
UNLOCK TABLES;

--
-- Table structure for table `status_ordem`
--

DROP TABLE IF EXISTS `status_ordem`;
/*!40101 SET @saved_cs_client     = @@character_set_client */;
/*!50503 SET character_set_client = utf8mb4 */;
CREATE TABLE `status_ordem` (
  `id_status` int NOT NULL AUTO_INCREMENT,
  `status_ordem` varchar(100) NOT NULL,
  PRIMARY KEY (`id_status`)
) ENGINE=InnoDB AUTO_INCREMENT=4 DEFAULT CHARSET=utf8mb4 COLLATE=utf8mb4_0900_ai_ci;
/*!40101 SET character_set_client = @saved_cs_client */;

--
-- Dumping data for table `status_ordem`
--

LOCK TABLES `status_ordem` WRITE;
/*!40000 ALTER TABLE `status_ordem` DISABLE KEYS */;
INSERT INTO `status_ordem` VALUES (1,'Aberta'),(2,'Concluída'),(3,'Em andamento');
/*!40000 ALTER TABLE `status_ordem` ENABLE KEYS */;
UNLOCK TABLES;

--
-- Table structure for table `tecnico`
--

DROP TABLE IF EXISTS `tecnico`;
/*!40101 SET @saved_cs_client     = @@character_set_client */;
/*!50503 SET character_set_client = utf8mb4 */;
CREATE TABLE `tecnico` (
  `id_tecnico` int NOT NULL AUTO_INCREMENT,
  `nome_tecnico` varchar(100) NOT NULL,
  `sobrenome_tecnico` varchar(100) NOT NULL,
  `fk_especialidade` int NOT NULL,
  PRIMARY KEY (`id_tecnico`),
  KEY `fk_especialidade` (`fk_especialidade`),
  CONSTRAINT `fk_especialidade` FOREIGN KEY (`fk_especialidade`) REFERENCES `especialidade_tecnico` (`id_especialidade`) ON DELETE CASCADE ON UPDATE CASCADE
) ENGINE=InnoDB AUTO_INCREMENT=13 DEFAULT CHARSET=utf8mb4 COLLATE=utf8mb4_0900_ai_ci;
/*!40101 SET character_set_client = @saved_cs_client */;

--
-- Dumping data for table `tecnico`
--

LOCK TABLES `tecnico` WRITE;
/*!40000 ALTER TABLE `tecnico` DISABLE KEYS */;
INSERT INTO `tecnico` VALUES (1,'Carlos','Silva',2),(2,'João','Santos',2),(3,'Ana','Costa',1),(4,'Fernanda','Alves',1),(5,'Lucas','Pereira',3),(6,'Marcos','Rocha',3),(7,'Rafael','Lima',2),(8,'Bruno','Martins',1),(9,'Juliana','Ribeiro',3),(10,'Gustavo','Fernandes',2),(11,'Patricia','Souza',1),(12,'Camila','Ferreira',3);
/*!40000 ALTER TABLE `tecnico` ENABLE KEYS */;
UNLOCK TABLES;

--
-- Table structure for table `tipo_manutencao`
--

DROP TABLE IF EXISTS `tipo_manutencao`;
/*!40101 SET @saved_cs_client     = @@character_set_client */;
/*!50503 SET character_set_client = utf8mb4 */;
CREATE TABLE `tipo_manutencao` (
  `id_tipo_manutencao` int NOT NULL AUTO_INCREMENT,
  `tipo_manutencao` varchar(100) NOT NULL,
  PRIMARY KEY (`id_tipo_manutencao`)
) ENGINE=InnoDB AUTO_INCREMENT=4 DEFAULT CHARSET=utf8mb4 COLLATE=utf8mb4_0900_ai_ci;
/*!40101 SET character_set_client = @saved_cs_client */;

--
-- Dumping data for table `tipo_manutencao`
--

LOCK TABLES `tipo_manutencao` WRITE;
/*!40000 ALTER TABLE `tipo_manutencao` DISABLE KEYS */;
INSERT INTO `tipo_manutencao` VALUES (1,'Preventiva'),(2,'Preditiva'),(3,'Corretiva');
/*!40000 ALTER TABLE `tipo_manutencao` ENABLE KEYS */;
UNLOCK TABLES;
/*!40103 SET TIME_ZONE=@OLD_TIME_ZONE */;

/*!40101 SET SQL_MODE=@OLD_SQL_MODE */;
/*!40014 SET FOREIGN_KEY_CHECKS=@OLD_FOREIGN_KEY_CHECKS */;
/*!40014 SET UNIQUE_CHECKS=@OLD_UNIQUE_CHECKS */;
/*!40101 SET CHARACTER_SET_CLIENT=@OLD_CHARACTER_SET_CLIENT */;
/*!40101 SET CHARACTER_SET_RESULTS=@OLD_CHARACTER_SET_RESULTS */;
/*!40101 SET COLLATION_CONNECTION=@OLD_COLLATION_CONNECTION */;
/*!40111 SET SQL_NOTES=@OLD_SQL_NOTES */;

-- Dump completed on 2026-07-04 22:52:49
